{
    "npcs": [
    {
      "name": "Guard Andrew",
      "hp": 1,
      "hit_chance": 10,
      "dmg": 1,
      "can_clone": true,
      "is_recruitable": false,
      "required_item": "drug",
      "greeting":  "Hey? I'm not allowed to talk to prisoners, I guess.",
      "has_item_response": "Wow, thank you. You are not as bad as the guys say.",
      "incorrect_item_response": "What? How did you get this?!",
      "in_room_alive":  "The hallway is patrolled by a single guard, Andrew. You know that guy: he's not exactly the brightest. He takes some pills and smokes on duty.",
      "in_room_dead": "You see the body of Andrew.",
      
      "rooms": [
        "Cell",
        "Hallway 2"
      ]
    },
      {
      "name": "Prisoner William",
      "hp": 1,
      "hit_chance": 10,
      "dmg": 1,
      "can_clone": true,
      "is_recruitable": true,
      "greeting": "Oh my god! The guards are everywhere! Don't let me die!",
      "incorrect_item_response": "What is this?! No, this is dangerous, I won't take it!",
      "in_room_alive": "You see Prisoner William. He looks like he's about to cry.",
      "in_room_dead": "You see the body of William.",
  
      "rooms": [
        "Upper Hallway 1"
      ]
    },
  
    {
      "name": "Prisoner Leon",
      "hp": 5,
      "hit_chance": 5,
      "dmg": 3,
      "can_clone": true,
      "is_recruitable": true,
      "greeting": "Heya, man. I heard there's useful stuff in the medical chamber. And that the freak Kevin is guarding the floor exit.",
      "incorrect_item_response": "Eh, thank you but keep it. I don't need it",
      "in_room_alive": "You see Prisoner Leon. He doesn't seem too bothered by being in prison.",
      "in_room_dead": "You see the body of Leon.",
  
      "rooms": [
        "Lower Hallway 2"
      ]
    },
  
  
    {
      "name": "Prisoner David",
      "hp": 10,
      "hit_chance": 7,
      "dmg": 5,
      "can_clone": true,
      "is_recruitable": true,
      "greeting": "I will have my revenge against the guards!",
      "incorrect_item_response": "I don't need this!",
      "in_room_alive": "You see Prisoner David. He is really angry and looks like he's about to attack guards on sight.",
      "in_room_dead": "You see the body of David.",
  
      "rooms": [
        "Upper Hallway 2"
      ]
    },
  
    {
  
  
      "name": "Guard Kevin",
      "hp": 20,
      "hit_chance": 7,
      "dmg": 5,
      "can_clone": true,
      "is_recruitable": false,
      "greeting": "YOU SCUM! I shall make you regret escaping that damned cell!",
      "incorrect_item_response": "Hahaha! The attempts to bribe me will not change your fate!",
      "in_room_alive": "You see Guard Kevin. Something about him seems off.",
      "in_room_dead": "You see the body of Kevin.",
  
      "rooms": [
        "Exit"
      ]
    },
  
    {
      "name": "Guard Bob",
      "hp": 15,
      "hit_chance": 7,
      "dmg": 3,
      "can_clone": true,
      "is_recruitable": false,
      "greeting": "Do not resist. I don't want to do more than necessary.",
      "incorrect_item_response": "Back off!",
      "in_room_alive": "You see Guard Bob.",
      "in_room_dead": "You see the body of Bob.",
  
      "rooms": [
        "Upper Hallway 1"
      ]
    },
  
    {
      "name": "Old Robot",
      "hp": 3,
      "hit_chance": 7,
      "dmg": 1,
      "can_clone": false,
      "is_recruitable": false,
      "greeting": "Beep-beep",
      "incorrect_item_response": "Be-e-ep",
      "in_room_alive": "You see an Old Robot. It doesn't seem to be in the best condition.",
      "in_room_dead": "You see the destroyed Old Robot.",
  
      "rooms": [
        "Lower Hallway 3"
      ]
    },
  
    {
      "name": "Robot",
      "hp": 10,
      "hit_chance": 7,
      "dmg": 3,
      "can_clone": false,
      "is_recruitable": false,
      "greeting": "Beep-beep",
      "incorrect_item_response": "Be-e-ep",
      "in_room_alive": "You see a hostile Robot",
      "in_room_dead": "You see the destroyed Robot",
  
      "rooms": [
        "Medbay"
      ]
    }
  ],
    
    "current": "Cell",
    "rooms": [
      {
        "name": "Cell",
        "description": "They keep you in solitary confinement.\nYour cell is small. Under your bed there is a hole leading down",
        "exits": [
          {
            "name": "Hideout",
            "direction": "down"
          },
          {
            "name": "Hallway 2",
            "direction": "north",
            "available": false
          }
        ],
        "items": [
          {
            "name": "Cigarettes",
            "clue": "You don't have the healthiest habits. Neither does the guard, Andrew.",
            "description": "There is a pack of cigarettes laying around."
          },
          {
            "name": "shard",
            "clue": "A shard of a ceramic plate. It is sharp.",
            "description": "You see a sharp ceramic shard.",
            "available": false
          },
          {
            "name": "Cell Key",
            "clue": "You could use it to unlock the cell door",
            "description": "You see the cell key",
            "available": false
          }
          
        ],
        "triggers": [
          {
            "name": "door",
            "clue": "A barred door. You can't squeeze through bars, but you can reach your hand out.",
            "inRoomDescription": "To the north of you, behind a barred door, is a hallway.",
            "infoOnTriggered": "The door is now unlocked.",
            "trigger": {
              "type": "exit",
              "name": ["Hallway 2"],
              "action": "open",
              "key": "Cell Key"
            }
          },
          {
            "name": "hole",
            "clue": "A hole leads down to a hideout you've made while the guards weren't looking."
          },
          {
            "name": "Garbage",
            "clue": "There is a shard of a ceramic plate in garbage.",
            "inRoomDescription": "Garbage is piling up in the corner.",
            "infoOnTriggered": "",
            "trigger": {
              "type": "item",
              "name": "shard",
              "action": "examine"
            }
          }
  
        ]
      },
      {
        "name": "Hideout",
        "description": "You have descended down, into your small hideout.\nHere you make plans and keep some of your things.",
        "exits": [
          {
            "name": "Cell",
            "direction": "west"
          },
          {
            "name": "Staff",
            "direction": "up",
            "available": false
          }
        ],
        "items": [
          {
            "name": "Lighter",
            "clue": "In a place like this, you need a spark in your life.",
            "description": "You see your lighter."
          },
  
          {
            "name": "Drug",
            "clue": "Take it and you will sleep soundly",
            "description": "You see drugged cigarettes",
            "available": false
          }
        ],
        "triggers": [
          {
            "name": "Periodic Table",
            "clue": "The periodic table hides the ventilation leading up to the staff room",
            "inRoomDescription": "A periodic table of elements hangs on the wall.",
            "infoOnTriggered": "After you have moved the periodic table, you see an open vent leading up to the staff room.",
            "trigger": {
              "type": "exit",
              "name": ["Staff"],
              "action": "move"
            }
          },
  
          {
            "name": "Sedatives",
            "clue": "Take enough of these and you will sleep soundly.",
            "inRoomDescription": "You see sedatives.",
            "infoOnTriggered": "",
            "trigger": {
              "type": "item",
              "name": "drug",
              "action": "use",
              "key": "Cigarettes"
            }
          }
        ]
      },
      {
        "name": "Staff",
        "description": "You enter the staff room on the 2nd floor. Luckily, no one is here.\nYou see doors to the north and south of you. They lead to Upper Hallway and Lower Hallway respectively.\nInside the staff room you see multiple lockers, with guards' personal possessions. In the middle of the room is a cluttered table.",
        "exits": [
          {
            "name": "Hideout",
            "direction": "down"
          },
          {
            "name": "Lower Hallway 3",
            "direction": "south",
            "available": false
          },
          {
            "name": "Upper Hallway 2",
            "direction": "north",
            "available": false
          }
        ],
        "items": [
          {
            "name": "Duct tape",
            "clue": "You have some troubles finding the edge of the tape, but you manage to do it.",
            "description": "You see duct tape."
          }
        ],
        "triggers": [
          {
            "name": "Fingerprint reading panel",
            "clue": "A fingerprint of an authorized employee can open it",
            "inRoomDescription": "You see a fingerprint reading panel between the doors.",
            "infoOnTriggered": "It is now unlocked.",
            "trigger": {
              "type": "exit",
              "name": ["Lower Hallway 3",
                "Upper Hallway 2"],
              "action": "open",
              "key": "fingerprint"}
          },
            
          {
            "name": "Table",
            "clue": "An office desk."
          },
          {
            "name": "Lockers",
            "clue": "You see a locker belonging to guard Andrew."
          },
          {
            "name": "locker",
            "clue": "You find a pack of sclerosis pills and a LOT of reminders. Great."
          }
        ]
      },
      {
        "name": "Hallway 1",
        "description": "You reach the end of the hallway. To the north, you see a door to the Storage.",
        "exits": [
          {
            "name": "Storage",
            "direction": "north"
          },
          {
            "name": "Hallway 2",
            "direction": "east"
          }
        ]
      },
      {
        "name": "Hallway 2",
        "description": "You are now in the middle of the Hallway. You can go east or west, or you can return south to your Cell. If you would ever need that.",
        "exits": [
          {
            "name": "Cell",
            "direction": "south",
            "available": false
          },
          {
            "name": "Hallway 1",
            "direction": "west"
          },
          {
            "name": "Hallway 3",
            "direction": "east"
          }
        ],
  
        "items": [
          {
            "name": "fingerprint",
            "clue": "You could use the fingerprint to unlock the door in the Staff room",
            "description": "You see a piece of duct tape with a fingerprint",
            "available": false
          }
        ],
        "triggers": [
                  {
            "name": "Guard Andrew",
            "clue": "You could use the duct tape to take Andrew's fingerprints. This will help you unlock the fingerprint reading panel in the staff room.",
            "inRoomDescription": "",
            "infoOnTriggered": "",
            "trigger": {
              "type": "item",
              "name": "fingerprint",
              "action": "use",
              "key": "duct tape"
            }
          }
        ]
      },
      {
        "name": "Hallway 3",
        "description": "You've reached the west end of the Hallway. Behind a door there is a staircase leading up.",
        "exits": [
          {
            "name": "Upper Hallway 2",
            "direction": "up",
            "available": false
          },
          {
            "name": "Hallway 2",
            "direction": "east"
          }
        ],
           "items":[
  
          {
            "name": "Charge",
          "clue": "One charge to your cloning device. Will allow you to use your cloning device once.",
            "description": "You see a charge to your cloning device"
          }
     ],
        "triggers": [
          {
            "name": "Fingerprint reading panel",
            "clue": "A fingerprint of an authorized employee can open it",
            "inRoomDescription": "You see a fingerprint reading panel next to the door.",
            "infoOnTriggered": "It is now unlocked.",
            "trigger": {
            "type": "exit",
              "name": ["Upper Hallway 2"],
              "action": "open",
              "key": "fingerprint"}
          }
        ]
      },
      {
        "name": "Storage",
        "description": "All sorts of stuff are kept here.",
        "exits": [
          {
            "name": "Hallway 1",
            "direction": "south"
          }
        ],
        "items": [
          {
            "name": "Charge",
          "clue": "One charge to your cloning device. Will allow you to use your cloning device once.",
            "description": "You see a charge to your cloning device"
          },
          {
            "name": "Cloning Device",
            "clue": "Your cloning device allows you to clone people",
            "description": "You see your most precious cloning device. You must take it now!"
          }
          
        ]
        
      },
      {
     "name": "Upper Hallway 2",
      "description": "Upper Hallway leads to the west, and to the south there's the Staff room.\nYou see a staircase leading down\nThere are also bars of another prison cell.",
     "exits": [
       {
         "name": "Staff",
         "direction": "south"
       },
       { "name": "Hallway 3",
       "direction":"down"
       },
  
       {
         "name": "Upper Hallway 1",
         "direction": "west"
       }
     ]
   },
      {
     "name": "Upper Hallway 1",
      "description": "Upper Hallway leads to the east. To the south you see a cross, indicating the Medbay.\nThere are also bars of another prison cell.",
     "exits": [
       {
         "name": "Medbay",
         "direction": "south"
       },
  
       {
         "name": "Upper Hallway 2",
         "direction": "east"
       }
     ]
   },
      {
     "name": "Medbay",
      "description": "The Medbay is in the middle of Upper and Lower Hallways. To the east there is also an exit. Should you go there right now?",
     "exits": [
       {
         "name": "Exit",
         "direction": "east"
       },
  
       {
         "name": "Upper Hallway 1",
         "direction": "north"
       },
  
       {
         "name": "Lower Hallway 1",
         "direction": "south"
       }
     ],
  
     "items":[
  
          {
            "name": "Charge",
          "clue": "One charge to your cloning device. Will allow you to use your cloning device once.",
            "description": "You see a charge to your cloning device"
          }
     ]
   },
      
  {
     "name": "Lower Hallway 1",
    "description": "Lower Hallway leads to the east. There is also the Medbay to the north of you.",
     "exits": [
       {
         "name": "Lower Hallway 2",
         "direction": "west"
       },
  
       {
         "name": "Medbay",
         "direction": "north"
       }
     ]
  },
      
      {
     "name": "Lower Hallway 2",
      "description": "You are in the middle of the Lower Hallway.\nYou see the bars of another cell.",
     "exits": [
       {
         "name": "Lower Hallway 1",
         "direction": "west"
       },
  
       {
         "name": "Lower Hallway 3",
         "direction": "east"
       }
     ], 
    "items":[
  
          {
            "name": "Charge",
          "clue": "One charge to your cloning device. Will allow you to use your cloning device once.",
            "description": "You see a charge to your cloning device."
          }
     ]
   },
      {
     "name": "Lower Hallway 3",
        "description": "You are in the eastern end of the Lower Hallway. The Staff room is to the north of you.",
     "exits": [
       {
         "name": "Lower Hallway 2",
         "direction": "west"
       },
  
       {
         "name": "Staff",
         "direction": "north"
       }
     ]
      },
    {
     "name": "Exit",
      "description": "You see a staircase leading up. Is this your freedom?!",
     "exits": [
       {
         "name": "Medbay",
         "direction": "west"
       }
     ]
   }]
    
  }